utc,note,remaining,used,last_cost
2026-09-16T03:50:20+00:00,check,499,1,0
2026-09-16T08:51:32+00:00,LaLiga slate x6,496,4,3
2026-09-16T09:46:17+00:00,PL weekly x10,493,7,3
2026-09-16T09:46:17+00:00,LaLiga weekly x16,490,10,3
2026-09-16T09:46:17+00:00,Championship weekly x12,487,13,3
2026-09-17T16:59:02+00:00,LaLiga late x1,486,14,1
2026-09-18T17:53:23+00:00,PL late x1,485,15,1
2026-09-18T17:53:23+00:00,LaLiga late x1,484,16,1
2026-09-18T17:53:23+00:00,Championship late x1,483,17,1
2026-09-19T09:30:14+00:00,PL late x1,482,18,1
2026-09-19T09:30:14+00:00,LaLiga late x1,481,19,1
2026-09-19T09:30:14+00:00,Championship late x3,480,20,1
2026-09-19T13:20:05+00:00,PL late x3,479,21,1
2026-09-19T13:20:05+00:00,LaLiga late x1,478,22,1
2026-09-19T13:20:06+00:00,Championship late x6,477,23,1
2026-09-19T16:39:08+00:00,LaLiga late x1,476,24,1
2026-09-20T11:49:04+00:00,PL late x3,475,25,1
2026-09-20T11:49:04+00:00,LaLiga late x2,474,26,1
2026-09-20T11:49:05+00:00,Championship late x1,473,27,1
2026-09-20T15:22:56+00:00,PL late x1,472,28,1
2026-09-20T15:22:56+00:00,LaLiga late x2,471,29,1
2026-09-20T18:14:49+00:00,LaLiga late x1,470,30,1
2026-10-05T19:47:45+00:00,PL weekly x10,497,3,3
2026-10-05T19:47:46+00:00,LaLiga weekly x10,494,6,3
2026-10-05T19:47:46+00:00,Bundesliga weekly x9,491,9,3
2026-10-05T19:47:46+00:00,Ligue1 weekly x9,488,12,3
2026-10-06T03:36:23+00:00,PL weekly x10,485,15,3
2026-10-06T03:36:23+00:00,LaLiga weekly x10,482,18,3
2026-10-06T03:36:24+00:00,Bundesliga weekly x9,479,21,3
2026-10-06T03:36:24+00:00,Ligue1 weekly x9,476,24,3
2026-10-10T11:51:35+00:00,PL late x4,473,27,3
2026-10-10T11:51:35+00:00,PL btts x1,472,28,1
2026-10-10T11:51:35+00:00,PL btts x1,471,29,1
2026-10-10T11:51:36+00:00,PL btts x1,470,30,1
2026-10-10T11:51:36+00:00,PL btts x1,469,31,1
2026-10-10T11:51:36+00:00,LaLiga late x2,466,34,3
2026-10-10T11:51:36+00:00,LaLiga btts x1,465,35,1
2026-10-10T11:51:36+00:00,LaLiga btts x1,464,36,1
2026-10-10T11:51:37+00:00,Bundesliga late x5,461,39,3
2026-10-10T11:51:37+00:00,Bundesliga btts x1,460,40,1
2026-10-10T11:51:37+00:00,Bundesliga btts x1,459,41,1
2026-10-10T11:51:37+00:00,Bundesliga btts x1,458,42,1
2026-10-10T11:51:37+00:00,Bundesliga btts x1,457,43,1
2026-10-10T11:51:37+00:00,Bundesliga btts x1,456,44,1
