Div,Date,HomeTeam,AwayTeam,FTHG,FTAG,HS,AS,HST,AST,PSH,PSD,PSA,PSCH,PSCD,PSCA,AvgH,AvgD,AvgA,AvgCH,AvgCD,AvgCA,P>2.5,P<2.5,PC>2.5,PC<2.5,Avg>2.5,Avg<2.5,AvgC>2.5,AvgC<2.5,AHh,AHCh,PAHH,PAHA,PCAHH,PCAHA
SP1,17/08/2018,Betis,Levante,0,3,22,6,8,4,1.69,4.19,5.11,1.59,4.42,5.89,,,,,,,,,,,,,,,,,,,,
SP1,17/08/2018,Girona,Valladolid,0,0,13,2,1,1,1.8,3.7,4.99,1.76,3.57,5.62,,,,,,,,,,,,,,,,,,,,
SP1,18/08/2018,Barcelona,Alaves,3,0,25,3,9,0,1.11,11.27,25.4,1.1,11.85,32.17,,,,,,,,,,,,,,,,,,,,
SP1,18/08/2018,Celta,Espanol,1,1,12,14,2,5,1.93,3.64,4.27,2.18,3.26,3.85,,,,,,,,,,,,,,,,,,,,
SP1,18/08/2018,Villarreal,Sociedad,1,2,16,8,7,4,2.06,3.51,3.91,2.32,3.21,3.53,,,,,,,,,,,,,,,,,,,,
SP1,19/08/2018,Eibar,Huesca,1,2,18,8,6,6,1.72,3.9,5.26,1.77,3.68,5.32,,,,,,,,,,,,,,,,,,,,
SP1,19/08/2018,Real Madrid,Getafe,2,0,10,4,3,1,1.2,7.36,17.47,1.19,7.77,17.96,,,,,,,,,,,,,,,,,,,,
SP1,19/08/2018,Vallecano,Sevilla,1,4,13,17,2,8,3.46,3.74,2.13,4.57,4.07,1.78,,,,,,,,,,,,,,,,,,,,
SP1,20/08/2018,Ath Bilbao,Leganes,2,1,17,12,5,2,1.79,3.54,5.46,1.69,3.77,5.87,,,,,,,,,,,,,,,,,,,,
SP1,20/08/2018,Valencia,Ath Madrid,1,1,13,9,4,3,3.12,3.18,2.57,3.55,3.28,2.28,,,,,,,,,,,,,,,,,,,,
SP1,24/08/2018,Getafe,Eibar,2,0,7,9,4,0,2.01,3.35,4.43,2.24,3.07,3.94,,,,,,,,,,,,,,,,,,,,
SP1,24/08/2018,Leganes,Sociedad,2,2,18,7,5,6,3.66,3.36,2.2,3.56,3.21,2.31,,,,,,,,,,,,,,,,,,,,
SP1,25/08/2018,Alaves,Betis,0,0,16,13,4,5,2.87,3.36,2.63,3.05,3.36,2.5,,,,,,,,,,,,,,,,,,,,
SP1,25/08/2018,Ath Madrid,Vallecano,1,0,9,13,2,3,1.16,8.09,24.21,1.17,7.82,22.59,,,,,,,,,,,,,,,,,,,,
SP1,25/08/2018,Valladolid,Barcelona,0,1,7,10,4,5,19.07,8.18,1.18,18.04,7.67,1.19,,,,,,,,,,,,,,,,,,,,
SP1,26/08/2018,Espanol,Valencia,2,0,19,16,9,4,3.19,3.48,2.35,2.9,3.34,2.62,,,,,,,,,,,,,,,,,,,,
SP1,26/08/2018,Girona,Real Madrid,1,4,10,20,5,8,8.99,5.42,1.37,10.01,5.54,1.34,,,,,,,,,,,,,,,,,,,,
SP1,26/08/2018,Sevilla,Villarreal,0,0,19,14,2,6,1.79,3.98,4.7,2.05,3.6,3.86,,,,,,,,,,,,,,,,,,,,
SP1,27/08/2018,Ath Bilbao,Huesca,2,2,14,9,4,4,1.64,3.8,6.45,1.6,3.89,6.88,,,,,,,,,,,,,,,,,,,,
SP1,27/08/2018,Levante,Celta,1,2,15,21,6,9,2.52,3.31,3.08,2.28,3.63,3.21,,,,,,,,,,,,,,,,,,,,
SP1,31/08/2018,Eibar,Sociedad,2,1,8,7,2,2,2.8,3.31,2.73,3.11,3.23,2.53,,,,,,,,,,,,,,,,,,,,
SP1,31/08/2018,Getafe,Valladolid,0,0,12,7,3,4,1.93,3.18,5.22,2.08,3.07,4.55,,,,,,,,,,,,,,,,,,,,
SP1,31/08/2018,Villarreal,Girona,0,1,13,14,3,6,1.57,4.17,6.67,1.52,4.54,6.81,,,,,,,,,,,,,,,,,,,,
SP1,01/09/2018,Celta,Ath Madrid,2,0,10,9,4,0,4.93,3.66,1.81,5.17,3.69,1.78,,,,,,,,,,,,,,,,,,,,
SP1,01/09/2018,Real Madrid,Leganes,4,1,17,8,8,3,1.13,9.73,25.14,1.16,8.67,22.29,,,,,,,,,,,,,,,,,,,,
SP1,02/09/2018,Alaves,Espanol,2,1,8,11,5,7,2.93,3.16,2.71,3.19,3.25,2.47,,,,,,,,,,,,,,,,,,,,
SP1,02/09/2018,Barcelona,Huesca,8,2,31,7,15,3,1.09,13.22,30.82,1.07,14.91,36.03,,,,,,,,,,,,,,,,,,,,
SP1,02/09/2018,Betis,Sevilla,1,0,11,8,3,2,2.77,3.87,2.46,2.84,3.6,2.53,,,,,,,,,,,,,,,,,,,,
SP1,02/09/2018,Levante,Valencia,2,2,13,18,4,5,3.61,3.59,2.13,3.6,3.54,2.15,,,,,,,,,,,,,,,,,,,,
SP1,14/09/2018,Huesca,Vallecano,0,1,14,14,4,2,2.26,3.57,3.3,2.43,3.41,3.13,,,,,,,,,,,,,,,,,,,,
SP1,15/09/2018,Ath Bilbao,Real Madrid,1,1,11,16,3,6,5.46,4.7,1.58,6.5,4.43,1.53,,,,,,,,,,,,,,,,,,,,
SP1,15/09/2018,Ath Madrid,Eibar,1,1,18,12,9,3,1.36,4.78,11.13,1.42,4,12.96,,,,,,,,,,,,,,,,,,,,
SP1,15/09/2018,Sociedad,Barcelona,1,2,8,12,5,6,7.05,5.46,1.41,8.62,5.22,1.38,,,,,,,,,,,,,,,,,,,,
SP1,15/09/2018,Valencia,Betis,0,0,12,11,2,6,1.75,4.06,4.72,1.7,4.22,4.95,,,,,,,,,,,,,,,,,,,,
SP1,16/09/2018,Espanol,Levante,1,0,22,16,9,4,1.79,3.8,4.86,1.66,4.15,5.39,,,,,,,,,,,,,,,,,,,,
SP1,16/09/2018,Leganes,Villarreal,0,1,16,9,3,3,3.08,3.19,2.59,2.99,3.28,2.59,,,,,,,,,,,,,,,,,,,,
SP1,16/09/2018,Sevilla,Getafe,0,2,15,10,1,5,1.56,4.18,6.65,1.65,3.91,6.04,,,,,,,,,,,,,,,,,,,,
SP1,16/09/2018,Valladolid,Alaves,0,1,15,10,5,4,2.25,3.13,3.83,2.19,3.15,3.97,,,,,,,,,,,,,,,,,,,,
SP1,17/09/2018,Girona,Celta,3,2,11,20,6,7,2.42,3.53,3.02,2.28,3.62,3.18,,,,,,,,,,,,,,,,,,,,
SP1,21/09/2018,Huesca,Sociedad,0,1,13,7,3,1,3.75,3.53,2.1,3.49,3.4,2.25,,,,,,,,,,,,,,,,,,,,
SP1,22/09/2018,Celta,Valladolid,3,3,12,14,5,4,1.74,3.65,5.56,1.76,3.54,5.56,,,,,,,,,,,,,,,,,,,,
SP1,22/09/2018,Eibar,Leganes,1,0,14,4,3,2,2.08,3.35,4.02,2.18,3.04,4.12,,,,,,,,,,,,,,,,,,,,
SP1,22/09/2018,Getafe,Ath Madrid,0,2,11,7,2,4,5.22,3.32,1.86,6.34,3.22,1.79,,,,,,,,,,,,,,,,,,,,
SP1,22/09/2018,Real Madrid,Espanol,1,0,19,10,5,3,1.2,7.17,17.23,1.27,6.39,11.1,,,,,,,,,,,,,,,,,,,,
SP1,22/09/2018,Vallecano,Alaves,1,5,13,11,4,7,2.16,3.54,3.53,2.01,3.53,4.02,,,,,,,,,,,,,,,,,,,,
SP1,23/09/2018,Barcelona,Girona,2,2,22,7,11,6,1.08,13.12,36.83,1.11,11.76,23.38,,,,,,,,,,,,,,,,,,,,
SP1,23/09/2018,Betis,Ath Bilbao,2,2,15,7,3,4,2.21,3.49,3.46,2.16,3.41,3.72,,,,,,,,,,,,,,,,,,,,
SP1,23/09/2018,Levante,Sevilla,2,6,19,20,10,9,3.34,3.7,2.17,3.61,4,2,,,,,,,,,,,,,,,,,,,,
SP1,23/09/2018,Villarreal,Valencia,0,0,11,12,1,2,2.31,3.44,3.26,2.26,3.34,3.54,,,,,,,,,,,,,,,,,,,,
SP1,25/09/2018,Ath Madrid,Huesca,3,0,17,8,5,1,1.24,6.1,16.21,1.19,7.15,18.55,,,,,,,,,,,,,,,,,,,,
SP1,25/09/2018,Espanol,Eibar,1,0,9,8,5,1,1.96,3.33,4.63,1.85,3.45,5.04,,,,,,,,,,,,,,,,,,,,
SP1,25/09/2018,Sociedad,Vallecano,2,2,16,11,6,6,1.69,3.98,5.41,1.66,3.98,5.66,,,,,,,,,,,,,,,,,,,,
SP1,26/09/2018,Ath Bilbao,Villarreal,0,3,12,19,2,6,2.17,3.5,3.53,2.21,3.45,3.52,,,,,,,,,,,,,,,,,,,,
SP1,26/09/2018,Leganes,Barcelona,2,1,10,9,6,5,12.3,6.21,1.27,12.58,5.98,1.27,,,,,,,,,,,,,,,,,,,,
SP1,26/09/2018,Sevilla,Real Madrid,3,0,16,21,7,3,4.23,4.27,1.79,4.44,4.29,1.76,,,,,,,,,,,,,,,,,,,,
SP1,26/09/2018,Valencia,Celta,1,1,14,9,5,3,1.71,4.17,4.84,1.66,4.34,5.07,,,,,,,,,,,,,,,,,,,,
SP1,27/09/2018,Alaves,Getafe,1,1,15,13,2,5,2.84,3.02,2.89,2.95,3.03,2.81,,,,,,,,,,,,,,,,,,,,
SP1,27/09/2018,Girona,Betis,0,1,8,14,2,6,2.55,3.54,2.82,2.54,3.38,2.98,,,,,,,,,,,,,,,,,,,,
SP1,27/09/2018,Valladolid,Levante,2,1,20,9,6,4,2.09,3.64,3.63,2.07,3.69,3.66,,,,,,,,,,,,,,,,,,,,
SP1,28/09/2018,Vallecano,Espanol,2,2,11,12,5,5,2.8,3.37,2.7,3.21,3.4,2.39,,,,,,,,,,,,,,,,,,,,
SP1,29/09/2018,Barcelona,Ath Bilbao,1,1,20,8,8,2,1.15,8.49,20.57,1.22,6.63,16.12,,,,,,,,,,,,,,,,,,,,
SP1,29/09/2018,Eibar,Sevilla,1,3,15,7,2,5,3.26,3.54,2.27,3.24,3.66,2.25,,,,,,,,,,,,,,,,,,,,
SP1,29/09/2018,Real Madrid,Ath Madrid,0,0,15,8,6,3,2.11,3.38,3.85,2.24,3.35,3.57,,,,,,,,,,,,,,,,,,,,
SP1,29/09/2018,Sociedad,Valencia,0,1,10,9,5,2,2.34,3.52,3.14,2.52,3.28,3.09,,,,,,,,,,,,,,,,,,,,
SP1,30/09/2018,Betis,Leganes,1,0,17,11,4,5,1.69,3.91,5.5,1.78,3.66,5.16,,,,,,,,,,,,,,,,,,,,
SP1,30/09/2018,Huesca,Girona,1,1,13,14,6,4,2.52,3.34,3,2.61,3.36,2.92,,,,,,,,,,,,,,,,,,,,
SP1,30/09/2018,Levante,Alaves,2,1,14,14,4,2,2.22,3.52,3.39,2.14,3.62,3.55,,,,,,,,,,,,,,,,,,,,
SP1,30/09/2018,Villarreal,Valladolid,0,1,27,9,7,3,1.55,4.18,6.89,1.51,4.34,7.32,,,,,,,,,,,,,,,,,,,,
SP1,01/10/2018,Celta,Getafe,1,1,8,12,2,4,2.02,3.38,4.17,2.31,3.26,3.46,,,,,,,,,,,,,,,,,,,,
SP1,05/10/2018,Ath Bilbao,Sociedad,1,3,13,6,5,3,2.1,3.48,3.81,2.07,3.35,4.1,,,,,,,,,,,,,,,,,,,,
SP1,06/10/2018,Alaves,Real Madrid,1,0,8,13,4,6,8.47,5.06,1.4,10.23,5.11,1.35,,,,,,,,,,,,,,,,,,,,
SP1,06/10/2018,Getafe,Levante,0,1,15,12,4,3,1.7,3.91,5.41,1.76,3.86,4.98,,,,,,,,,,,,,,,,,,,,
SP1,06/10/2018,Girona,Eibar,2,3,10,12,3,4,2.13,3.43,3.79,2.33,3.25,3.48,,,,,,,,,,,,,,,,,,,,
SP1,06/10/2018,Leganes,Vallecano,1,0,13,6,4,2,2.1,3.42,3.9,2.19,3.25,3.83,,,,,,,,,,,,,,,,,,,,
SP1,07/10/2018,Ath Madrid,Betis,1,0,13,5,5,0,1.5,4,8.86,1.6,3.77,7.22,,,,,,,,,,,,,,,,,,,,
SP1,07/10/2018,Espanol,Villarreal,3,1,28,13,12,6,2.34,3.25,3.46,2.4,3.25,3.34,,,,,,,,,,,,,,,,,,,,
SP1,07/10/2018,Sevilla,Celta,2,1,12,13,3,5,1.58,4.55,5.66,1.47,5,6.58,,,,,,,,,,,,,,,,,,,,
SP1,07/10/2018,Valencia,Barcelona,1,1,10,10,3,5,4.98,4.16,1.7,5.74,4.05,1.65,,,,,,,,,,,,,,,,,,,,
SP1,07/10/2018,Valladolid,Huesca,1,0,9,11,3,1,1.97,3.48,4.3,1.93,3.55,4.43,,,,,,,,,,,,,,,,,,,,
SP1,19/10/2018,Celta,Alaves,0,1,19,9,9,2,1.72,3.93,5.2,1.77,3.86,4.91,,,,,,,,,,,,,,,,,,,,
SP1,20/10/2018,Barcelona,Sevilla,4,2,23,19,9,7,1.35,6.29,7.4,1.28,6.58,9.87,,,,,,,,,,,,,,,,,,,,
SP1,20/10/2018,Real Madrid,Levante,1,2,34,6,12,2,1.15,9.03,18.28,1.15,8.62,20.52,,,,,,,,,,,,,,,,,,,,
SP1,20/10/2018,Valencia,Leganes,1,1,18,7,4,5,1.56,4.13,6.84,1.62,3.72,6.96,,,,,,,,,,,,,,,,,,,,
SP1,20/10/2018,Villarreal,Ath Madrid,1,1,18,15,6,4,3.87,3.22,2.19,4.04,3.21,2.14,,,,,,,,,,,,,,,,,,,,
SP1,21/10/2018,Betis,Valladolid,0,1,20,6,4,2,1.63,4.08,5.85,1.56,4.13,6.7,,,,,,,,,,,,,,,,,,,,
SP1,21/10/2018,Eibar,Ath Bilbao,1,1,18,6,6,3,2.79,3.21,2.82,2.87,3.36,2.64,,,,,,,,,,,,,,,,,,,,
SP1,21/10/2018,Huesca,Espanol,0,2,10,6,2,2,3.64,3.54,2.13,4.07,3.43,2.05,,,,,,,,,,,,,,,,,,,,
SP1,21/10/2018,Vallecano,Getafe,1,2,10,5,3,2,3,3.26,2.61,2.99,3.3,2.58,,,,,,,,,,,,,,,,,,,,
SP1,22/10/2018,Sociedad,Girona,0,0,14,12,8,2,1.68,4.16,5.12,1.82,3.69,4.83,,,,,,,,,,,,,,,,,,,,
SP1,24/10/2018,Vallecano,Ath Bilbao,1,1,11,12,3,4,3.28,3.53,2.29,3.3,3.51,2.28,,,,,,,,,,,,,,,,,,,,
SP1,26/10/2018,Valladolid,Espanol,1,1,15,11,2,4,3.45,3.21,2.36,3.61,3.19,2.3,,,,,,,,,,,,,,,,,,,,
SP1,27/10/2018,Ath Bilbao,Valencia,0,0,13,11,2,3,2.69,3.23,2.91,2.88,3.26,2.7,,,,,,,,,,,,,,,,,,,,
SP1,27/10/2018,Ath Madrid,Sociedad,2,0,14,7,4,0,1.55,3.96,7.47,1.49,3.97,9.33,,,,,,,,,,,,,,,,,,,,
SP1,27/10/2018,Celta,Eibar,4,0,10,17,6,5,2.25,3.41,3.49,2.24,3.48,3.44,,,,,,,,,,,,,,,,,,,,
SP1,27/10/2018,Girona,Vallecano,2,1,14,14,6,5,1.93,3.58,4.31,2,3.52,4.14,,,,,,,,,,,,,,,,,,,,
SP1,27/10/2018,Levante,Leganes,2,0,9,21,4,6,2.17,3.43,3.65,2.37,3.37,3.25,,,,,,,,,,,,,,,,,,,,
SP1,28/10/2018,Alaves,Villarreal,2,1,19,9,6,2,3.18,3.34,2.43,3.35,3.47,2.28,,,,,,,,,,,,,,,,,,,,
SP1,28/10/2018,Barcelona,Real Madrid,5,1,13,15,8,4,2,3.78,3.8,2.06,3.72,3.69,,,,,,,,,,,,,,,,,,,,
SP1,28/10/2018,Getafe,Betis,2,0,16,7,7,3,2.48,3.12,3.32,2.65,3.1,3.08,,,,,,,,,,,,,,,,,,,,
SP1,28/10/2018,Sevilla,Huesca,2,1,15,11,4,2,1.25,6.66,12.27,1.22,6.79,14.38,,,,,,,,,,,,,,,,,,,,
SP1,03/11/2018,Leganes,Ath Madrid,1,1,8,9,3,4,5.99,3.24,1.81,6.54,3.28,1.75,,,,,,,,,,,,,,,,,,,,
SP1,03/11/2018,Real Madrid,Valladolid,2,0,16,12,7,2,1.2,7.28,14.98,1.19,7.38,16.48,,,,,,,,,,,,,,,,,,,,
SP1,03/11/2018,Valencia,Girona,0,1,27,5,9,3,1.48,4.49,7.48,1.48,4.41,7.81,,,,,,,,,,,,,,,,,,,,
SP1,03/11/2018,Vallecano,Barcelona,2,3,11,9,5,5,9.55,5.85,1.32,11.04,6.77,1.26,,,,,,,,,,,,,,,,,,,,
SP1,04/11/2018,Betis,Celta,3,3,14,14,6,7,1.83,4.02,4.34,1.77,3.86,4.91,,,,,,,,,,,,,,,,,,,,
SP1,04/11/2018,Eibar,Alaves,2,1,23,9,8,3,2.1,3.35,3.96,2.16,3.37,3.75,,,,,,,,,,,,,,,,,,,,
SP1,04/11/2018,Huesca,Getafe,1,1,18,8,7,2,3.65,3.22,2.27,3.87,3.25,2.17,,,,,,,,,,,,,,,,,,,,
SP1,04/11/2018,Sociedad,Sevilla,0,0,10,8,1,1,2.76,3.61,2.6,2.58,3.58,2.79,,,,,,,,,,,,,,,,,,,,
SP1,04/11/2018,Villarreal,Levante,1,1,23,13,4,2,1.63,4.1,5.83,1.72,4,5.06,,,,,,,,,,,,,,,,,,,,
SP1,05/11/2018,Espanol,Ath Bilbao,1,0,8,10,3,2,2.02,3.43,4.18,1.92,3.46,4.61,,,,,,,,,,,,,,,,,,,,
SP1,09/11/2018,Levante,Sociedad,1,3,17,15,2,4,2.76,3.38,2.73,2.95,3.38,2.56,,,,,,,,,,,,,,,,,,,,
SP1,10/11/2018,Ath Madrid,Ath Bilbao,3,2,9,6,3,5,1.47,4.13,9.27,1.59,3.53,8.51,,,,,,,,,,,,,,,,,,,,
SP1,10/11/2018,Getafe,Valencia,0,1,17,7,3,3,2.91,3.1,2.78,3.08,3.08,2.66,,,,,,,,,,,,,,,,,,,,
SP1,10/11/2018,Girona,Leganes,0,0,5,10,0,1,2.23,3.27,3.69,2.27,3.19,3.68,,,,,,,,,,,,,,,,,,,,
SP1,10/11/2018,Valladolid,Eibar,0,0,9,16,1,6,2.43,3.29,3.24,2.55,3.11,3.22,,,,,,,,,,,,,,,,,,,,
SP1,11/11/2018,Alaves,Huesca,2,1,13,9,5,2,1.88,3.47,4.83,2.15,3.17,4.08,,,,,,,,,,,,,,,,,,,,
SP1,11/11/2018,Barcelona,Betis,3,4,20,15,5,8,1.22,7.23,13.06,1.19,7.71,15,,,,,,,,,,,,,,,,,,,,
SP1,11/11/2018,Celta,Real Madrid,2,4,15,14,4,5,5.02,4.63,1.63,5.15,4.64,1.61,,,,,,,,,,,,,,,,,,,,
SP1,11/11/2018,Sevilla,Espanol,2,1,23,15,10,7,1.81,3.7,4.91,1.9,3.7,4.34,,,,,,,,,,,,,,,,,,,,
SP1,11/11/2018,Vallecano,Villarreal,2,2,15,11,7,5,3.17,3.56,2.34,3.26,3.78,2.2,,,,,,,,,,,,,,,,,,,,
SP1,23/11/2018,Leganes,Alaves,1,0,13,7,6,2,2.29,3.14,3.68,2.22,3.1,3.97,,,,,,,,,,,,,,,,,,,,
SP1,24/11/2018,Ath Madrid,Barcelona,1,1,3,8,1,2,3.1,3.33,2.49,3.1,3.34,2.48,,,,,,,,,,,,,,,,,,,,
SP1,24/11/2018,Eibar,Real Madrid,3,0,14,9,8,3,5.96,4.55,1.56,7.04,4.92,1.46,,,,,,,,,,,,,,,,,,,,
SP1,24/11/2018,Huesca,Levante,2,2,32,5,12,3,2.27,3.39,3.44,2.31,3.4,3.36,,,,,,,,,,,,,,,,,,,,
SP1,24/11/2018,Valencia,Vallecano,3,0,13,13,10,3,1.43,4.73,8.1,1.43,4.59,8.86,,,,,,,,,,,,,,,,,,,,
SP1,25/11/2018,Ath Bilbao,Getafe,1,1,8,15,4,2,2.11,3.37,3.9,2.29,3.2,3.62,,,,,,,,,,,,,,,,,,,,
SP1,25/11/2018,Espanol,Girona,1,3,18,16,10,11,1.68,3.85,5.8,1.66,3.75,6.24,,,,,,,,,,,,,,,,,,,,
SP1,25/11/2018,Sevilla,Valladolid,1,0,17,13,9,5,1.38,5.34,8.1,1.4,4.89,8.83,,,,,,,,,,,,,,,,,,,,
SP1,25/11/2018,Villarreal,Betis,2,1,13,13,8,6,2.25,3.59,3.32,2.12,3.55,3.67,,,,,,,,,,,,,,,,,,,,
SP1,26/11/2018,Sociedad,Celta,2,1,15,6,8,2,1.83,3.91,4.47,1.9,3.75,4.28,,,,,,,,,,,,,,,,,,,,
SP1,30/11/2018,Vallecano,Eibar,1,0,5,13,2,5,3.09,3.54,2.39,2.95,3.4,2.55,,,,,,,,,,,,,,,,,,,,
SP1,01/12/2018,Celta,Huesca,2,0,12,8,5,3,1.74,3.87,5.17,1.67,3.99,5.54,,,,,,,,,,,,,,,,,,,,
SP1,01/12/2018,Getafe,Espanol,3,0,14,8,5,2,2.42,3.09,3.47,2.48,3.13,3.31,,,,,,,,,,,,,,,,,,,,
SP1,01/12/2018,Real Madrid,Valencia,2,0,13,7,3,2,1.47,4.84,6.99,1.62,4.16,5.85,,,,,,,,,,,,,,,,,,,,
SP1,01/12/2018,Valladolid,Leganes,2,4,20,14,6,5,2.46,3.02,3.48,2.43,3.09,3.46,,,,,,,,,,,,,,,,,,,,
SP1,02/12/2018,Alaves,Sevilla,1,1,11,14,3,3,3.79,3.69,2.03,3.72,3.48,2.13,,,,,,,,,,,,,,,,,,,,
SP1,02/12/2018,Barcelona,Villarreal,2,0,16,12,7,2,1.25,6.9,11.47,1.24,6.89,12.49,,,,,,,,,,,,,,,,,,,,
SP1,02/12/2018,Betis,Sociedad,1,0,6,6,4,4,2.32,3.3,3.44,1.85,3.76,4.5,,,,,,,,,,,,,,,,,,,,
SP1,02/12/2018,Girona,Ath Madrid,1,1,13,17,3,3,5.64,3.42,1.79,5.52,3.38,1.81,,,,,,,,,,,,,,,,,,,,
SP1,03/12/2018,Levante,Ath Bilbao,3,0,17,12,7,3,2.84,3.46,2.6,2.97,3.51,2.48,,,,,,,,,,,,,,,,,,,,
SP1,07/12/2018,Leganes,Getafe,1,1,17,6,5,2,2.76,2.99,3.04,2.76,2.94,3.11,,,,,,,,,,,,,,,,,,,,
SP1,08/12/2018,Ath Madrid,Alaves,3,0,12,13,5,3,1.39,4.38,11.88,1.38,4.5,11.7,,,,,,,,,,,,,,,,,,,,
SP1,08/12/2018,Espanol,Barcelona,0,4,15,17,3,9,6.09,4.64,1.53,8.23,5.02,1.4,,,,,,,,,,,,,,,,,,,,
SP1,08/12/2018,Valencia,Sevilla,1,1,16,11,6,3,2.24,3.61,3.31,2.1,3.65,3.63,,,,,,,,,,,,,,,,,,,,
SP1,08/12/2018,Villarreal,Celta,2,3,13,14,3,7,1.81,3.9,4.56,1.68,4.22,5.03,,,,,,,,,,,,,,,,,,,,
SP1,09/12/2018,Betis,Vallecano,2,0,8,12,3,3,1.57,4.54,5.76,1.49,4.69,6.79,,,,,,,,,,,,,,,,,,,,
SP1,09/12/2018,Eibar,Levante,4,4,32,14,7,5,1.78,4.03,4.57,1.71,3.99,5.16,,,,,,,,,,,,,,,,,,,,
SP1,09/12/2018,Huesca,Real Madrid,0,1,11,5,4,4,9.11,6.01,1.32,9.97,5.92,1.31,,,,,,,,,,,,,,,,,,,,
SP1,09/12/2018,Sociedad,Valladolid,1,2,23,10,5,6,1.61,3.94,6.47,1.77,3.44,5.83,,,,,,,,,,,,,,,,,,,,
SP1,10/12/2018,Ath Bilbao,Girona,1,0,25,3,10,1,1.98,3.57,4.15,2.03,3.61,3.89,,,,,,,,,,,,,,,,,,,,
SP1,14/12/2018,Celta,Leganes,0,0,15,5,2,2,1.87,3.5,4.82,1.92,3.44,4.65,,,,,,,,,,,,,,,,,,,,
SP1,15/12/2018,Eibar,Valencia,1,1,18,11,6,4,2.74,3.26,2.84,2.7,3.16,2.97,,,,,,,,,,,,,,,,,,,,
SP1,15/12/2018,Getafe,Sociedad,1,0,9,9,2,4,2.35,3.16,3.52,2.35,3.12,3.59,,,,,,,,,,,,,,,,,,,,
SP1,15/12/2018,Real Madrid,Vallecano,1,0,9,11,4,3,1.15,9.14,17.59,1.16,8.66,17.59,,,,,,,,,,,,,,,,,,,,
SP1,15/12/2018,Valladolid,Ath Madrid,2,3,8,14,2,5,6.11,3.5,1.72,6.75,3.4,1.7,,,,,,,,,,,,,,,,,,,,
SP1,16/12/2018,Espanol,Betis,1,3,10,12,3,5,2.38,3.39,3.23,2.57,3.35,2.97,,,,,,,,,,,,,,,,,,,,
SP1,16/12/2018,Huesca,Villarreal,2,2,30,10,13,5,3.32,3.5,2.28,3.43,3.3,2.32,,,,,,,,,,,,,,,,,,,,
SP1,16/12/2018,Levante,Barcelona,0,5,20,16,6,9,10.21,6.74,1.27,13.5,8.1,1.19,,,,,,,,,,,,,,,,,,,,
SP1,16/12/2018,Sevilla,Girona,2,0,17,8,5,2,1.45,4.82,7.46,1.42,4.81,8.33,,,,,,,,,,,,,,,,,,,,
SP1,17/12/2018,Alaves,Ath Bilbao,0,0,11,6,2,3,2.95,3.23,2.66,3.23,3.22,2.47,,,,,,,,,,,,,,,,,,,,
SP1,21/12/2018,Girona,Getafe,1,1,12,5,4,2,2.72,3.04,3.05,2.69,3.03,3.1,,,,,,,,,,,,,,,,,,,,
SP1,21/12/2018,Sociedad,Alaves,0,1,18,9,4,3,1.79,3.54,5.31,1.72,3.61,5.81,,,,,,,,,,,,,,,,,,,,
SP1,22/12/2018,Ath Bilbao,Valladolid,1,1,8,5,3,2,1.76,3.6,5.49,1.7,3.72,5.81,,,,,,,,,,,,,,,,,,,,
SP1,22/12/2018,Ath Madrid,Espanol,1,0,8,18,5,4,1.42,4.19,11.05,1.44,4.32,9.53,,,,,,,,,,,,,,,,,,,,
SP1,22/12/2018,Barcelona,Celta,2,0,9,11,5,1,1.13,10.28,18.95,1.14,9.89,18.6,,,,,,,,,,,,,,,,,,,,
SP1,22/12/2018,Betis,Eibar,1,1,4,15,2,4,1.81,3.84,4.68,1.85,3.84,4.43,,,,,,,,,,,,,,,,,,,,
SP1,23/12/2018,Leganes,Sevilla,1,1,13,8,4,2,3.42,3.25,2.35,3.05,3.15,2.64,,,,,,,,,,,,,,,,,,,,
SP1,23/12/2018,Valencia,Huesca,2,1,19,11,8,4,1.4,4.69,9.64,1.45,4.3,9.15,,,,,,,,,,,,,,,,,,,,
SP1,23/12/2018,Vallecano,Levante,2,1,18,12,8,7,2.14,3.95,3.27,2.17,3.83,3.3,,,,,,,,,,,,,,,,,,,,
SP1,03/01/2019,Villarreal,Real Madrid,2,2,12,14,4,7,4.02,3.98,1.9,4.95,4.2,1.7,,,,,,,,,,,,,,,,,,,,
SP1,04/01/2019,Espanol,Leganes,1,0,12,10,1,2,2.04,3.28,4.33,1.99,3.17,4.78,,,,,,,,,,,,,,,,,,,,
SP1,04/01/2019,Levante,Girona,2,2,19,9,8,2,2.24,3.6,3.32,2.21,3.68,3.33,,,,,,,,,,,,,,,,,,,,
SP1,05/01/2019,Alaves,Valencia,2,1,14,14,5,2,3.15,3.27,2.49,3.4,3.25,2.36,,,,,,,,,,,,,,,,,,,,
SP1,05/01/2019,Huesca,Betis,2,1,11,7,6,1,3.28,3.46,2.32,3.27,3.55,2.29,,,,,,,,,,,,,,,,,,,,
SP1,05/01/2019,Valladolid,Vallecano,0,1,12,9,5,5,2.14,3.38,3.8,2.16,3.3,3.86,,,,,,,,,,,,,,,,,,,,
SP1,06/01/2019,Eibar,Villarreal,0,0,24,7,6,4,2.18,3.54,3.52,2.19,3.45,3.58,,,,,,,,,,,,,,,,,,,,
SP1,06/01/2019,Getafe,Barcelona,1,2,10,12,2,8,7.4,5.18,1.42,7.27,4.96,1.44,,,,,,,,,,,,,,,,,,,,
SP1,06/01/2019,Real Madrid,Sociedad,0,2,28,12,8,4,1.35,5.49,9.03,1.36,5.14,9.51,,,,,,,,,,,,,,,,,,,,
SP1,06/01/2019,Sevilla,Ath Madrid,1,1,15,12,5,7,2.84,3.15,2.81,2.94,3.41,2.56,,,,,,,,,,,,,,,,,,,,
SP1,07/01/2019,Celta,Ath Bilbao,1,2,17,8,3,4,2.52,3.33,3.05,2.58,3.1,3.19,,,,,,,,,,,,,,,,,,,,
SP1,11/01/2019,Vallecano,Celta,4,2,11,13,8,4,2.59,3.26,3.02,2.52,3.28,3.09,,,,,,,,,,,,,,,,,,,,
SP1,12/01/2019,Girona,Alaves,1,1,9,15,4,4,2.23,3.15,3.86,1.96,3.48,4.36,,,,,,,,,,,,,,,,,,,,
SP1,12/01/2019,Leganes,Huesca,1,0,14,9,7,3,2.01,3.26,4.48,2.12,3.03,4.47,,,,,,,,,,,,,,,,,,,,
SP1,12/01/2019,Valencia,Valladolid,1,1,17,6,5,1,1.59,3.86,7.01,1.53,3.97,7.96,,,,,,,,,,,,,,,,,,,,
SP1,12/01/2019,Villarreal,Getafe,1,2,17,9,6,4,2.16,3.21,3.99,2.05,3.38,4.14,,,,,,,,,,,,,,,,,,,,
SP1,13/01/2019,Ath Bilbao,Sevilla,2,0,10,10,3,4,2.72,3.34,2.8,2.7,3.21,2.92,,,,,,,,,,,,,,,,,,,,
SP1,13/01/2019,Ath Madrid,Levante,1,0,19,7,5,2,1.26,5.93,13.8,1.32,5.18,11.82,,,,,,,,,,,,,,,,,,,,
SP1,13/01/2019,Barcelona,Eibar,3,0,7,15,6,2,1.14,9.51,19.09,1.17,8.07,17.37,,,,,,,,,,,,,,,,,,,,
SP1,13/01/2019,Betis,Real Madrid,1,2,9,14,2,5,3.29,3.94,2.13,3.06,3.77,2.31,,,,,,,,,,,,,,,,,,,,
SP1,14/01/2019,Sociedad,Espanol,3,2,9,21,4,2,2,3.31,4.47,2.2,3.29,3.75,,,,,,,,,,,,,,,,,,,,
SP1,18/01/2019,Getafe,Alaves,4,0,12,6,5,0,2.09,3.01,4.63,1.79,3.47,5.48,,,,,,,,,,,,,,,,,,,,
SP1,19/01/2019,Celta,Valencia,1,2,12,13,4,8,3.15,3.34,2.45,3.37,3.41,2.29,,,,,,,,,,,,,,,,,,,,
SP1,19/01/2019,Huesca,Ath Madrid,0,3,14,15,3,8,6.01,3.5,1.74,6.26,3.46,1.72,,,,,,,,,,,,,,,,,,,,
SP1,19/01/2019,Real Madrid,Sevilla,2,0,23,4,6,1,1.77,4.12,4.55,1.69,4.17,5.06,,,,,,,,,,,,,,,,,,,,
SP1,20/01/2019,Barcelona,Leganes,3,1,15,5,7,2,1.14,8.97,24.26,1.22,6.35,16.61,,,,,,,,,,,,,,,,,,,,
SP1,20/01/2019,Betis,Girona,3,2,12,8,5,5,1.65,4.05,5.64,1.65,3.97,5.92,,,,,,,,,,,,,,,,,,,,
SP1,20/01/2019,Levante,Valladolid,2,0,13,13,4,3,2.12,3.64,3.59,1.94,3.65,4.18,,,,,,,,,,,,,,,,,,,,
SP1,20/01/2019,Vallecano,Sociedad,2,2,11,10,4,4,2.82,3.63,2.53,2.89,3.35,2.63,,,,,,,,,,,,,,,,,,,,
SP1,20/01/2019,Villarreal,Ath Bilbao,1,1,3,9,1,2,2.3,3.32,3.45,2.04,3.51,3.98,,,,,,,,,,,,,,,,,,,,
SP1,21/01/2019,Eibar,Espanol,3,0,16,6,9,0,2.09,3.42,3.91,1.85,3.66,4.68,,,,,,,,,,,,,,,,,,,,
SP1,26/01/2019,Ath Madrid,Getafe,2,0,10,6,6,2,1.59,3.69,7.62,1.71,3.25,7.24,,,,,,,,,,,,,,,,,,,,
SP1,26/01/2019,Leganes,Eibar,2,2,9,5,3,2,2.77,3.04,2.99,2.77,2.98,3.05,,,,,,,,,,,,,,,,,,,,
SP1,26/01/2019,Sevilla,Levante,5,0,23,7,9,0,1.56,4.41,6.1,1.4,5.1,8.17,,,,,,,,,,,,,,,,,,,,
SP1,26/01/2019,Valencia,Villarreal,3,0,18,14,9,5,1.9,3.61,4.47,2.08,3.4,3.97,,,,,,,,,,,,,,,,,,,,
SP1,27/01/2019,Ath Bilbao,Betis,1,0,11,8,2,2,2.11,3.48,3.78,2.1,3.3,4.05,,,,,,,,,,,,,,,,,,,,
SP1,27/01/2019,Espanol,Real Madrid,2,4,13,16,6,9,4.33,4.03,1.82,5.59,4.02,1.66,,,,,,,,,,,,,,,,,,,,
SP1,27/01/2019,Girona,Barcelona,0,2,13,15,5,7,8.95,5.59,1.35,10.12,5.66,1.32,,,,,,,,,,,,,,,,,,,,
SP1,27/01/2019,Sociedad,Huesca,0,0,8,8,1,1,1.62,4.1,5.98,1.63,3.92,6.31,,,,,,,,,,,,,,,,,,,,
SP1,27/01/2019,Valladolid,Celta,2,1,19,8,7,3,2.5,3.26,3.14,2.57,3.15,3.15,,,,,,,,,,,,,,,,,,,,
SP1,28/01/2019,Alaves,Vallecano,0,1,16,14,1,3,2.24,3.38,3.54,2.4,3.27,3.31,,,,,,,,,,,,,,,,,,,,
SP1,01/02/2019,Huesca,Valladolid,4,0,11,9,7,4,2.31,3.29,3.47,2.22,3.27,3.7,,,,,,,,,,,,,,,,,,,,
SP1,02/02/2019,Barcelona,Valencia,2,2,20,14,8,7,1.3,6.41,9.03,1.44,4.88,7.54,,,,,,,,,,,,,,,,,,,,
SP1,02/02/2019,Celta,Sevilla,1,0,10,13,4,2,3.73,3.77,2.03,3.53,3.62,2.15,,,,,,,,,,,,,,,,,,,,
SP1,02/02/2019,Levante,Getafe,0,0,8,9,4,2,2.47,3.37,3.09,2.58,3.4,2.92,,,,,,,,,,,,,,,,,,,,
SP1,02/02/2019,Sociedad,Ath Bilbao,2,1,6,8,2,5,2.41,3.24,3.32,2.58,2.93,3.38,,,,,,,,,,,,,,,,,,,,
SP1,03/02/2019,Betis,Ath Madrid,1,0,7,13,3,1,3.99,3.45,2.06,4.05,3.31,2.1,,,,,,,,,,,,,,,,,,,,
SP1,03/02/2019,Eibar,Girona,3,0,17,6,5,2,1.74,3.95,4.99,1.64,4.21,5.49,,,,,,,,,,,,,,,,,,,,
SP1,03/02/2019,Real Madrid,Alaves,3,0,22,8,8,1,1.23,6.91,12.51,1.2,7.61,14.04,,,,,,,,,,,,,,,,,,,,
SP1,03/02/2019,Villarreal,Espanol,2,2,14,17,5,2,1.83,3.97,4.35,2.15,3.6,3.55,,,,,,,,,,,,,,,,,,,,
SP1,04/02/2019,Vallecano,Leganes,1,2,15,13,6,4,2.39,3.16,3.44,2.75,3.11,2.94,,,,,,,,,,,,,,,,,,,,
SP1,08/02/2019,Valladolid,Villarreal,0,0,9,7,3,3,3.09,3.29,2.52,3.23,3.45,2.35,,,,,,,,,,,,,,,,,,,,
SP1,09/02/2019,Ath Madrid,Real Madrid,1,3,11,11,2,4,2.43,3.32,3.2,2.66,3.21,2.97,,,,,,,,,,,,,,,,,,,,
SP1,09/02/2019,Espanol,Vallecano,2,1,15,9,5,3,1.83,3.71,4.7,1.7,3.89,5.42,,,,,,,,,,,,,,,,,,,,
SP1,09/02/2019,Getafe,Celta,3,1,12,13,6,3,1.95,3.38,4.56,2.03,3.31,4.34,,,,,,,,,,,,,,,,,,,,
SP1,09/02/2019,Girona,Huesca,0,2,13,6,7,6,2,3.43,4.27,1.92,3.48,4.58,,,,,,,,,,,,,,,,,,,,
SP1,10/02/2019,Ath Bilbao,Barcelona,0,0,13,10,5,2,4.81,3.84,1.79,5.27,3.74,1.75,,,,,,,,,,,,,,,,,,,,
SP1,10/02/2019,Leganes,Betis,3,0,16,3,4,1,2.38,3.18,3.45,2.08,3.28,4.16,,,,,,,,,,,,,,,,,,,,
SP1,10/02/2019,Sevilla,Eibar,2,2,13,8,4,4,1.68,4.16,5.13,1.85,3.54,4.89,,,,,,,,,,,,,,,,,,,,
SP1,10/02/2019,Valencia,Sociedad,0,0,10,8,4,1,1.82,3.74,4.74,1.83,3.56,5.01,,,,,,,,,,,,,,,,,,,,
SP1,11/02/2019,Alaves,Levante,2,0,16,8,4,0,2.1,3.54,3.75,2.14,3.38,3.79,,,,,,,,,,,,,,,,,,,,
SP1,15/02/2019,Eibar,Getafe,2,2,11,7,6,4,2.11,3.16,4.24,2.07,3.09,4.55,,,,,,,,,,,,,,,,,,,,
SP1,16/02/2019,Barcelona,Valladolid,1,0,20,10,8,0,1.15,8.44,21.24,1.14,9.04,23.66,,,,,,,,,,,,,,,,,,,,
SP1,16/02/2019,Celta,Levante,1,4,14,14,7,8,1.83,4.05,4.26,1.75,4.06,4.75,,,,,,,,,,,,,,,,,,,,
SP1,16/02/2019,Sociedad,Leganes,3,0,15,8,6,3,2.11,3.2,4.18,2.33,2.97,3.84,,,,,,,,,,,,,,,,,,,,
SP1,16/02/2019,Vallecano,Ath Madrid,0,1,12,4,6,3,5.68,3.86,1.68,6.59,4.03,1.58,,,,,,,,,,,,,,,,,,,,
SP1,17/02/2019,Betis,Alaves,1,1,19,6,10,3,1.83,3.42,5.31,1.76,3.55,5.63,,,,,,,,,,,,,,,,,,,,
SP1,17/02/2019,Real Madrid,Girona,1,2,19,14,7,6,1.21,7.15,14.44,1.18,8.03,15.95,,,,,,,,,,,,,,,,,,,,
SP1,17/02/2019,Valencia,Espanol,0,0,21,6,1,1,1.78,3.69,5.17,1.81,3.6,5.1,,,,,,,,,,,,,,,,,,,,
SP1,17/02/2019,Villarreal,Sevilla,3,0,12,21,6,5,2.64,3.6,2.72,2.47,3.47,3.02,,,,,,,,,,,,,,,,,,,,
SP1,18/02/2019,Huesca,Ath Bilbao,0,1,12,9,2,4,3.25,3.16,2.5,3.68,3.21,2.26,,,,,,,,,,,,,,,,,,,,
SP1,22/02/2019,Espanol,Huesca,1,1,13,13,2,4,1.79,3.68,5.1,1.74,3.6,5.7,,,,,,,,,,,,,,,,,,,,
SP1,23/02/2019,Alaves,Celta,0,0,17,8,4,2,2.35,3.4,3.28,2.53,3.09,3.27,,,,,,,,,,,,,,,,,,,,
SP1,23/02/2019,Ath Bilbao,Eibar,1,0,9,7,4,2,2.17,3.19,3.97,2.21,3.18,3.86,,,,,,,,,,,,,,,,,,,,
SP1,23/02/2019,Getafe,Vallecano,2,1,11,7,2,2,1.78,3.57,5.43,1.93,3.33,4.82,,,,,,,,,,,,,,,,,,,,
SP1,23/02/2019,Sevilla,Barcelona,2,4,13,17,4,8,3.69,4.05,1.96,3.99,4.24,1.85,,,,,,,,,,,,,,,,,,,,
SP1,24/02/2019,Ath Madrid,Villarreal,2,0,15,14,7,3,1.58,4.08,6.56,1.57,3.83,7.51,,,,,,,,,,,,,,,,,,,,
SP1,24/02/2019,Leganes,Valencia,1,1,17,6,6,1,2.93,3.08,2.79,3.24,2.99,2.62,,,,,,,,,,,,,,,,,,,,
SP1,24/02/2019,Levante,Real Madrid,1,2,11,19,2,5,5.85,4.68,1.55,6.48,5.29,1.45,,,,,,,,,,,,,,,,,,,,
SP1,24/02/2019,Valladolid,Betis,0,2,10,6,2,3,2.72,3.32,2.81,2.41,3.21,3.34,,,,,,,,,,,,,,,,,,,,
SP1,25/02/2019,Girona,Sociedad,0,0,10,7,3,1,2.45,3.4,3.1,2.37,3.25,3.38,,,,,,,,,,,,,,,,,,,,
SP1,01/03/2019,Vallecano,Girona,0,2,9,12,3,4,2.36,3.37,3.3,2.52,3.3,3.08,,,,,,,,,,,,,,,,,,,,
SP1,02/03/2019,Espanol,Valladolid,3,1,15,14,6,3,1.82,3.59,5.01,1.69,3.76,5.83,,,,,,,,,,,,,,,,,,,,
SP1,02/03/2019,Huesca,Sevilla,2,1,7,12,3,5,3.94,3.74,1.98,4.11,3.61,1.98,,,,,,,,,,,,,,,,,,,,
SP1,02/03/2019,Real Madrid,Barcelona,0,1,17,10,3,4,2.74,3.78,2.53,2.65,3.8,2.64,,,,,,,,,,,,,,,,,,,,
SP1,02/03/2019,Villarreal,Alaves,1,2,9,10,2,2,1.67,4.02,5.47,1.57,4.21,6.39,,,,,,,,,,,,,,,,,,,,
SP1,03/03/2019,Betis,Getafe,1,2,6,11,2,5,2.42,3.08,3.48,2.4,3.13,3.45,,,,,,,,,,,,,,,,,,,,
SP1,03/03/2019,Eibar,Celta,1,0,15,3,4,1,1.78,3.99,4.66,1.81,3.71,4.83,,,,,,,,,,,,,,,,,,,,
SP1,03/03/2019,Sociedad,Ath Madrid,0,2,19,8,3,3,3.87,3.37,2.12,4.23,3.1,2.14,,,,,,,,,,,,,,,,,,,,
SP1,03/03/2019,Valencia,Ath Bilbao,2,0,11,4,3,1,2.02,3.29,4.42,2.01,3.26,4.5,,,,,,,,,,,,,,,,,,,,
SP1,04/03/2019,Leganes,Levante,1,0,14,15,3,4,1.91,3.56,4.48,2.08,3.23,4.23,,,,,,,,,,,,,,,,,,,,
SP1,08/03/2019,Ath Bilbao,Espanol,1,1,15,5,6,2,1.67,3.77,6.11,1.68,3.65,6.19,,,,,,,,,,,,,,,,,,,,
SP1,09/03/2019,Alaves,Eibar,1,1,16,20,3,3,3.04,3.01,2.75,3.38,3.29,2.35,,,,,,,,,,,,,,,,,,,,
SP1,09/03/2019,Ath Madrid,Leganes,1,0,13,3,4,2,1.47,4.2,9.04,1.52,3.81,8.97,,,,,,,,,,,,,,,,,,,,
SP1,09/03/2019,Barcelona,Vallecano,3,1,12,8,6,1,1.15,8.86,18.11,1.11,11.53,23.51,,,,,,,,,,,,,,,,,,,,
SP1,09/03/2019,Getafe,Huesca,2,1,14,8,6,1,1.63,3.91,6.31,1.58,3.9,7.05,,,,,,,,,,,,,,,,,,,,
SP1,10/03/2019,Celta,Betis,0,1,7,14,1,4,2.55,3.35,2.99,2.56,3.37,2.96,,,,,,,,,,,,,,,,,,,,
SP1,10/03/2019,Girona,Valencia,2,3,18,11,8,6,3.22,3.27,2.45,3.8,3.43,2.12,,,,,,,,,,,,,,,,,,,,
SP1,10/03/2019,Levante,Villarreal,0,2,11,13,3,5,2.84,3.54,2.56,2.78,3.59,2.59,,,,,,,,,,,,,,,,,,,,
SP1,10/03/2019,Sevilla,Sociedad,5,2,22,9,11,2,1.67,4.29,5.04,1.63,4.07,5.85,,,,,,,,,,,,,,,,,,,,
SP1,10/03/2019,Valladolid,Real Madrid,1,4,10,15,2,6,5.22,4.3,1.65,5.77,4.29,1.6,,,,,,,,,,,,,,,,,,,,
SP1,15/03/2019,Sociedad,Levante,1,1,22,8,7,3,1.89,3.61,4.53,1.87,3.7,4.52,,,,,,,,,,,,,,,,,,,,
SP1,16/03/2019,Ath Bilbao,Ath Madrid,2,0,9,9,5,2,3.87,3.01,2.3,3.88,2.92,2.36,,,,,,,,,,,,,,,,,,,,
SP1,16/03/2019,Huesca,Alaves,1,3,7,12,2,5,2.52,3.22,3.15,2.42,3.23,3.31,,,,,,,,,,,,,,,,,,,,
SP1,16/03/2019,Leganes,Girona,0,2,12,8,3,4,2.18,3.1,4.07,2.31,3.11,3.69,,,,,,,,,,,,,,,,,,,,
SP1,16/03/2019,Real Madrid,Celta,2,0,22,6,7,1,1.2,7.48,14.42,1.16,8.77,16.3,,,,,,,,,,,,,,,,,,,,
SP1,17/03/2019,Betis,Barcelona,1,4,13,16,3,9,6.33,5.11,1.48,6.3,4.63,1.52,,,,,,,,,,,,,,,,,,,,
SP1,17/03/2019,Eibar,Valladolid,1,2,15,8,3,3,1.65,3.9,6.08,1.64,3.89,6.16,,,,,,,,,,,,,,,,,,,,
SP1,17/03/2019,Espanol,Sevilla,0,1,13,12,3,3,2.56,3.59,2.81,2.44,3.65,2.93,,,,,,,,,,,,,,,,,,,,
SP1,17/03/2019,Valencia,Getafe,0,0,8,9,2,1,2,3.25,4.59,1.86,3.47,4.93,,,,,,,,,,,,,,,,,,,,
SP1,17/03/2019,Villarreal,Vallecano,3,1,12,7,4,3,1.65,4.19,5.35,1.67,4.07,5.41,,,,,,,,,,,,,,,,,,,,
SP1,29/03/2019,Girona,Ath Bilbao,1,2,6,8,2,5,2.94,3,2.85,2.98,3.07,2.75,,,,,,,,,,,,,,,,,,,,
SP1,30/03/2019,Alaves,Ath Madrid,0,4,14,11,4,7,5.49,3.35,1.83,6.1,3.45,1.74,,,,,,,,,,,,,,,,,,,,
SP1,30/03/2019,Barcelona,Espanol,2,0,13,4,3,2,1.18,7.88,15.97,1.19,7.4,17.18,,,,,,,,,,,,,,,,,,,,
SP1,30/03/2019,Celta,Villarreal,3,2,15,14,6,5,2.71,3.33,2.82,2.46,3.39,3.09,,,,,,,,,,,,,,,,,,,,
SP1,30/03/2019,Getafe,Leganes,0,2,9,7,2,3,1.97,3.18,4.86,1.99,3.06,5.1,,,,,,,,,,,,,,,,,,,,
SP1,31/03/2019,Levante,Eibar,2,2,7,17,2,3,2.73,3.65,2.6,2.63,3.62,2.72,,,,,,,,,,,,,,,,,,,,
SP1,31/03/2019,Real Madrid,Huesca,3,2,16,16,8,3,1.14,9.65,20.2,1.19,7.71,16.03,,,,,,,,,,,,,,,,,,,,
SP1,31/03/2019,Sevilla,Valencia,0,1,17,4,5,2,2.09,3.6,3.69,2.72,3.44,2.73,,,,,,,,,,,,,,,,,,,,
SP1,31/03/2019,Valladolid,Sociedad,1,1,10,10,4,1,2.63,3.19,3.02,2.73,3.19,2.9,,,,,,,,,,,,,,,,,,,,
SP1,31/03/2019,Vallecano,Betis,1,1,20,7,5,2,2.79,3.6,2.58,3.16,3.64,2.3,,,,,,,,,,,,,,,,,,,,
SP1,02/04/2019,Ath Madrid,Girona,2,0,17,12,7,4,1.38,4.69,10.7,1.37,4.76,10.96,,,,,,,,,,,,,,,,,,,,
SP1,02/04/2019,Espanol,Getafe,1,1,9,13,3,3,2.49,3.17,3.24,2.31,3.2,3.59,,,,,,,,,,,,,,,,,,,,
SP1,02/04/2019,Villarreal,Barcelona,4,4,16,15,9,9,5.14,4.23,1.67,4.6,3.76,1.84,,,,,,,,,,,,,,,,,,,,
SP1,03/04/2019,Ath Bilbao,Levante,3,2,14,11,7,6,1.61,4.14,6,1.51,4.58,6.6,,,,,,,,,,,,,,,,,,,,
SP1,03/04/2019,Eibar,Vallecano,2,1,12,13,6,2,1.66,4.13,5.44,1.88,3.71,4.43,,,,,,,,,,,,,,,,,,,,
SP1,03/04/2019,Huesca,Celta,3,3,23,11,7,5,2.71,3.41,2.76,2.66,3.4,2.82,,,,,,,,,,,,,,,,,,,,
SP1,03/04/2019,Valencia,Real Madrid,2,1,11,15,4,5,3.34,3.73,2.18,2.83,3.69,2.5,,,,,,,,,,,,,,,,,,,,
SP1,04/04/2019,Leganes,Valladolid,1,0,18,8,2,1,1.95,3.27,4.78,2.12,3.08,4.36,,,,,,,,,,,,,,,,,,,,
SP1,04/04/2019,Sevilla,Alaves,2,0,18,5,5,2,1.52,4.54,6.65,1.39,5.22,8.14,,,,,,,,,,,,,,,,,,,,
SP1,04/04/2019,Sociedad,Betis,2,1,15,11,7,6,2.22,3.49,3.46,2.27,3.45,3.39,,,,,,,,,,,,,,,,,,,,
SP1,06/04/2019,Barcelona,Ath Madrid,2,0,21,9,10,2,1.76,3.97,4.96,1.75,3.8,5.41,,,,,,,,,,,,,,,,,,,,
SP1,06/04/2019,Girona,Espanol,1,2,14,9,5,2,2.52,3.26,3.17,2.56,3.21,3.1,,,,,,,,,,,,,,,,,,,,
SP1,06/04/2019,Real Madrid,Eibar,2,1,13,3,7,1,1.33,6.22,9.07,1.41,5.26,7.38,,,,,,,,,,,,,,,,,,,,
SP1,06/04/2019,Vallecano,Valencia,2,0,15,12,5,3,4.05,3.72,1.98,4.02,3.74,1.96,,,,,,,,,,,,,,,,,,,,
SP1,07/04/2019,Alaves,Leganes,1,1,6,9,1,5,2.58,3.02,3.33,2.5,3.03,3.39,,,,,,,,,,,,,,,,,,,,
SP1,07/04/2019,Betis,Villarreal,2,1,17,10,7,4,2.3,3.64,3.19,2.34,3.49,3.22,,,,,,,,,,,,,,,,,,,,
SP1,07/04/2019,Celta,Sociedad,3,1,11,14,4,7,2.42,3.58,3.07,2.45,3.39,3.12,,,,,,,,,,,,,,,,,,,,
SP1,07/04/2019,Getafe,Ath Bilbao,1,0,6,9,2,1,2.44,3.01,3.6,2.71,3,3.1,,,,,,,,,,,,,,,,,,,,
SP1,07/04/2019,Levante,Huesca,2,2,14,17,8,4,2.02,3.91,3.71,1.76,4.23,4.44,,,,,,,,,,,,,,,,,,,,
SP1,07/04/2019,Valladolid,Sevilla,0,2,10,16,5,4,3.54,3.62,2.17,4.18,3.69,1.93,,,,,,,,,,,,,,,,,,,,
SP1,13/04/2019,Ath Madrid,Celta,2,0,11,10,5,3,1.4,4.64,9.64,1.5,4.29,7.74,,,,,,,,,,,,,,,,,,,,
SP1,13/04/2019,Espanol,Alaves,2,1,6,14,2,3,1.82,3.54,5.12,1.83,3.66,4.84,,,,,,,,,,,,,,,,,,,,
SP1,13/04/2019,Huesca,Barcelona,0,0,6,10,1,2,4.71,4.16,1.74,3.02,3.55,2.43,,,,,,,,,,,,,,,,,,,,
SP1,13/04/2019,Sevilla,Betis,3,2,11,12,5,7,1.72,4.26,4.71,1.58,4.44,5.78,,,,,,,,,,,,,,,,,,,,
SP1,14/04/2019,Ath Bilbao,Vallecano,3,2,15,8,9,4,1.64,4.18,5.51,1.63,4.09,5.84,,,,,,,,,,,,,,,,,,,,
SP1,14/04/2019,Girona,Villarreal,0,1,14,17,5,6,2.52,3.54,2.9,2.7,3.48,2.72,,,,,,,,,,,,,,,,,,,,
SP1,14/04/2019,Sociedad,Eibar,1,1,3,17,2,2,2.3,3.54,3.24,2.53,3.27,3.09,,,,,,,,,,,,,,,,,,,,
SP1,14/04/2019,Valencia,Levante,3,1,23,6,6,3,1.51,4.69,6.41,1.49,4.42,7.48,,,,,,,,,,,,,,,,,,,,
SP1,14/04/2019,Valladolid,Getafe,2,2,8,8,4,3,3.35,3.03,2.52,3.2,3,2.64,,,,,,,,,,,,,,,,,,,,
SP1,15/04/2019,Leganes,Real Madrid,1,1,5,13,2,6,5.19,4.21,1.67,5.08,3.94,1.73,,,,,,,,,,,,,,,,,,,,
SP1,19/04/2019,Alaves,Valladolid,2,2,10,12,4,7,2.2,3.23,3.83,2.47,3.15,3.31,,,,,,,,,,,,,,,,,,,,
SP1,20/04/2019,Barcelona,Sociedad,2,1,11,9,4,2,1.24,7.03,11.48,1.17,8.47,15.44,,,,,,,,,,,,,,,,,,,,
SP1,20/04/2019,Celta,Girona,2,1,13,9,8,1,2.03,3.88,3.63,2.03,3.65,3.87,,,,,,,,,,,,,,,,,,,,
SP1,20/04/2019,Eibar,Ath Madrid,0,1,10,8,2,4,3.21,3.13,2.54,3.8,3.32,2.17,,,,,,,,,,,,,,,,,,,,
SP1,20/04/2019,Vallecano,Huesca,0,0,16,10,3,3,2.08,3.82,3.53,2.11,3.85,3.44,,,,,,,,,,,,,,,,,,,,
SP1,21/04/2019,Betis,Valencia,1,2,23,4,7,3,2.98,3.46,2.5,3.45,3.48,2.23,,,,,,,,,,,,,,,,,,,,
SP1,21/04/2019,Getafe,Sevilla,3,0,10,12,3,2,3.17,3.39,2.41,3.09,3.27,2.53,,,,,,,,,,,,,,,,,,,,
SP1,21/04/2019,Levante,Espanol,2,2,19,14,5,7,2.33,3.77,3.03,2.37,3.47,3.17,,,,,,,,,,,,,,,,,,,,
SP1,21/04/2019,Real Madrid,Ath Bilbao,3,0,11,5,4,3,1.51,4.38,7.22,1.55,4.41,6.28,,,,,,,,,,,,,,,,,,,,
SP1,21/04/2019,Villarreal,Leganes,2,1,11,6,5,2,1.79,3.81,4.81,1.89,3.39,4.91,,,,,,,,,,,,,,,,,,,,
SP1,23/04/2019,Alaves,Barcelona,0,2,6,17,1,6,7.5,5.06,1.43,7.9,4.61,1.45,,,,,,,,,,,,,,,,,,,,
SP1,23/04/2019,Huesca,Eibar,2,0,12,7,3,4,2.33,3.69,3.08,2.18,3.76,3.33,,,,,,,,,,,,,,,,,,,,
SP1,23/04/2019,Valladolid,Girona,1,0,13,6,4,0,2.4,3.29,3.29,2.47,3.27,3.19,,,,,,,,,,,,,,,,,,,,
SP1,24/04/2019,Ath Madrid,Valencia,3,2,14,12,6,4,1.85,3.57,4.87,1.86,3.45,4.97,,,,,,,,,,,,,,,,,,,,
SP1,24/04/2019,Espanol,Celta,1,1,9,18,2,6,2.31,3.47,3.3,2.13,3.59,3.61,,,,,,,,,,,,,,,,,,,,
SP1,24/04/2019,Leganes,Ath Bilbao,0,1,14,3,1,2,2.77,3.07,2.96,2.97,2.92,2.89,,,,,,,,,,,,,,,,,,,,
SP1,24/04/2019,Levante,Betis,4,0,6,7,4,2,2.54,3.65,2.8,2.44,3.75,2.87,,,,,,,,,,,,,,,,,,,,
SP1,25/04/2019,Getafe,Real Madrid,0,0,9,12,5,4,4.12,3.82,1.91,3.76,3.64,2.06,,,,,,,,,,,,,,,,,,,,
SP1,25/04/2019,Sevilla,Vallecano,5,0,20,12,11,3,1.33,5.77,9.06,1.24,7.22,11.48,,,,,,,,,,,,,,,,,,,,
SP1,25/04/2019,Sociedad,Villarreal,0,1,13,8,2,3,2.5,3.51,2.94,2.85,3.42,2.62,,,,,,,,,,,,,,,,,,,,
SP1,27/04/2019,Ath Bilbao,Alaves,1,1,14,14,1,3,1.52,4.46,6.82,1.5,4.22,7.8,,,,,,,,,,,,,,,,,,,,
SP1,27/04/2019,Ath Madrid,Valladolid,1,0,13,13,1,4,1.34,4.94,11.89,1.35,4.63,12.87,,,,,,,,,,,,,,,,,,,,
SP1,27/04/2019,Barcelona,Levante,1,0,23,7,12,2,1.28,6.33,10.46,1.18,7.55,17.24,,,,,,,,,,,,,,,,,,,,
SP1,27/04/2019,Leganes,Celta,0,0,10,8,1,2,2.53,3.25,3.1,2.46,3.13,3.35,,,,,,,,,,,,,,,,,,,,
SP1,28/04/2019,Girona,Sevilla,1,0,15,7,4,3,4.41,3.76,1.87,3.93,3.73,1.99,,,,,,,,,,,,,,,,,,,,
SP1,28/04/2019,Sociedad,Getafe,2,1,11,12,7,3,2.62,3.29,2.89,2.99,2.86,2.94,,,,,,,,,,,,,,,,,,,,
SP1,28/04/2019,Valencia,Eibar,0,1,7,13,2,3,1.47,5.11,6.51,1.49,4.48,7.25,,,,,,,,,,,,,,,,,,,,
SP1,28/04/2019,Vallecano,Real Madrid,1,0,11,9,5,3,6.69,5.23,1.45,6.21,4.88,1.5,,,,,,,,,,,,,,,,,,,,
SP1,28/04/2019,Villarreal,Huesca,1,1,18,13,5,3,1.59,4.54,5.57,1.72,4.01,5.04,,,,,,,,,,,,,,,,,,,,
SP1,29/04/2019,Betis,Espanol,1,1,18,10,5,4,2.24,3.65,3.27,1.85,3.86,4.4,,,,,,,,,,,,,,,,,,,,
SP1,03/05/2019,Sevilla,Leganes,0,3,7,9,3,5,1.39,5.17,8.22,1.41,4.87,8.41,,,,,,,,,,,,,,,,,,,,
SP1,04/05/2019,Alaves,Sociedad,0,1,17,9,6,2,2.64,3.3,2.92,2.81,3.23,2.78,,,,,,,,,,,,,,,,,,,,
SP1,04/05/2019,Celta,Barcelona,2,0,14,8,6,1,2.15,3.77,3.38,1.73,4.31,4.58,,,,,,,,,,,,,,,,,,,,
SP1,04/05/2019,Espanol,Ath Madrid,3,0,11,11,5,3,3.94,3.32,2.12,4.17,3.54,1.98,,,,,,,,,,,,,,,,,,,,
SP1,04/05/2019,Levante,Vallecano,4,1,12,20,7,3,1.98,4.17,3.56,1.83,4.23,4.09,,,,,,,,,,,,,,,,,,,,
SP1,05/05/2019,Eibar,Betis,1,0,14,12,6,6,2.04,3.78,3.69,1.95,4,3.77,,,,,,,,,,,,,,,,,,,,
SP1,05/05/2019,Getafe,Girona,2,0,13,4,8,2,1.85,3.39,5.19,1.94,3.31,4.74,,,,,,,,,,,,,,,,,,,,
SP1,05/05/2019,Huesca,Valencia,2,6,24,10,4,7,3.37,3.68,2.18,3.99,3.96,1.91,,,,,,,,,,,,,,,,,,,,
SP1,05/05/2019,Real Madrid,Villarreal,3,2,24,15,11,7,1.7,4.1,5.07,1.89,3.75,4.33,,,,,,,,,,,,,,,,,,,,
SP1,05/05/2019,Valladolid,Ath Bilbao,1,0,10,9,3,1,2.89,3.18,2.75,2.97,3.24,2.64,,,,,,,,,,,,,,,,,,,,
SP1,12/05/2019,Ath Bilbao,Celta,3,1,8,3,4,2,2.02,3.58,3.96,2.05,3.43,4.05,,,,,,,,,,,,,,,,,,,,
SP1,12/05/2019,Ath Madrid,Sevilla,1,1,11,11,4,5,2.1,3.68,3.6,1.97,3.7,4.01,,,,,,,,,,,,,,,,,,,,
SP1,12/05/2019,Barcelona,Getafe,2,0,13,11,8,0,1.56,4.48,6.04,1.48,4.47,7.66,,,,,,,,,,,,,,,,,,,,
SP1,12/05/2019,Betis,Huesca,2,1,17,9,8,2,1.58,4.93,5.14,1.51,4.87,6.1,,,,,,,,,,,,,,,,,,,,
SP1,12/05/2019,Girona,Levante,1,2,14,6,6,2,2.27,3.58,3.28,2.15,3.63,3.5,,,,,,,,,,,,,,,,,,,,
SP1,12/05/2019,Leganes,Espanol,0,2,11,19,4,7,2.58,3.32,2.98,2.39,3.31,3.29,,,,,,,,,,,,,,,,,,,,
SP1,12/05/2019,Sociedad,Real Madrid,3,1,19,6,7,2,3.09,3.86,2.26,2.72,3.95,2.48,,,,,,,,,,,,,,,,,,,,
SP1,12/05/2019,Valencia,Alaves,3,1,10,10,4,3,1.41,5.48,7.14,1.29,5.64,12.31,,,,,,,,,,,,,,,,,,,,
SP1,12/05/2019,Vallecano,Valladolid,1,2,16,9,5,6,4.09,4.09,1.85,4.45,3.99,1.81,,,,,,,,,,,,,,,,,,,,
SP1,12/05/2019,Villarreal,Eibar,1,0,11,4,3,0,1.61,4.7,5.08,1.57,4.5,5.88,,,,,,,,,,,,,,,,,,,,
SP1,18/05/2019,Alaves,Girona,2,1,14,13,7,4,2.38,3.66,3.01,2.21,3.5,3.47,,,,,,,,,,,,,,,,,,,,
SP1,18/05/2019,Celta,Vallecano,2,2,14,11,5,4,1.49,4.87,6.45,1.32,5.94,9.12,,,,,,,,,,,,,,,,,,,,
SP1,18/05/2019,Espanol,Sociedad,2,0,9,11,4,2,2.29,3.74,3.12,2.03,3.91,3.61,,,,,,,,,,,,,,,,,,,,
SP1,18/05/2019,Getafe,Villarreal,2,2,17,8,5,4,1.66,4.18,5.34,1.58,4.43,5.81,,,,,,,,,,,,,,,,,,,,
SP1,18/05/2019,Huesca,Leganes,2,1,15,9,6,1,2.59,3.72,2.71,2.58,3.52,2.83,,,,,,,,,,,,,,,,,,,,
SP1,18/05/2019,Levante,Ath Madrid,2,2,17,17,7,8,3.67,3.87,2.02,4.34,4.1,1.81,,,,,,,,,,,,,,,,,,,,
SP1,18/05/2019,Sevilla,Ath Bilbao,2,0,9,9,3,1,1.9,3.42,4.81,2.17,3.08,4.15,,,,,,,,,,,,,,,,,,,,
SP1,18/05/2019,Valladolid,Valencia,0,2,19,9,4,6,8.05,4.91,1.42,8.01,5.13,1.4,,,,,,,,,,,,,,,,,,,,
SP1,19/05/2019,Eibar,Barcelona,2,2,15,6,8,3,3.83,4.2,1.89,4.96,4.55,1.65,,,,,,,,,,,,,,,,,,,,
SP1,19/05/2019,Real Madrid,Betis,0,2,9,9,2,7,1.59,5.09,4.86,1.33,6.38,8.09,,,,,,,,,,,,,,,,,,,,
